1, google.com
2, youtube.com
3, facebook.com
4, baidu.com
5, wikipedia.org
6, yahoo.com
7, reddit.com
8, google.co.in
9, qq.com
10, amazon.com
11, taobao.com
12, google.co.jp
13, twitter.com
14, tmall.com
15, vk.com
16, live.com
17, sohu.com
18, instagram.com
19, sina.com.cn
20, weibo.com
21, jd.com
22, 360.cn
23, google.de
24, google.co.uk
25, linkedin.com
26, google.fr
27, google.ru
28, list.tmall.com
29, google.com.br
30, google.com.hk
31, yandex.ru
32, netflix.com
33, yahoo.co.jp
34, google.it
35, google.es
36, t.co
37, ebay.com
38, pornhub.com
39, imgur.com
40, google.ca
41, twitch.tv
42, alipay.com
43, bing.com
44, xvideos.com
45, google.com.mx
46, msn.com
47, youth.cn
48, tumblr.com
49, ok.ru
50, aliexpress.com
51, mail.ru
52, microsoft.com
53, stackoverflow.com
54, onclkds.com
55, hao123.com
56, wordpress.com
57, github.com
58, imdb.com
59, gmw.cn
60, csdn.net
61, livejasmin.com
62, amazon.co.jp
63, blogspot.com
64, wikia.com
65, google.com.au
66, apple.com
67, pinterest.com
68, office.com
69, paypal.com
70, microsoftonline.com
71, google.com.tw
72, xhamster.com
73, whatsapp.com
74, google.com.tr
75, google.co.id
76, google.pl
77, popads.net
78, detail.tmall.com
79, bongacams.com
80, nicovideo.jp
81, diply.com
82, adobe.com
83, coccoc.com
84, google.com.ar
85, thepiratebay.org
86, txxx.com
87, amazon.de
88, craigslist.org
89, amazon.in
90, googleusercontent.com
91, dropbox.com
92, booking.com
93, porn555.com
94, tianya.cn
95, so.com
96, xnxx.com
97, pixnet.net
98, uptodown.com
99, google.com.pk
100, google.com.ua
101, savefrom.net
102, fc2.com
103, amazon.co.uk
104, rakuten.co.jp
105, soso.com
106, cnn.com
107, bbc.com
108, bbc.co.uk
109, google.com.sa
110, nytimes.com
111, google.com.eg
112, soundcloud.com
113, google.nl
114, amazonaws.com
115, k618.cn
116, ask.com
117, google.co.za
118, quora.com
119, ettoday.net
120, salesforce.com
121, google.co.ve
122, dailymotion.com
123, espn.com
124, naver.com
125, adf.ly
126, google.co.th
127, china.com
128, detik.com
129, tribunnews.com
130, chase.com
131, onlinesbi.com
132, ebay.de
133, stackexchange.com
134, vice.com
135, blogger.com
136, fbcdn.net
137, vimeo.com
138, zhihu.com
139, theguardian.com
140, ebay.co.uk
141, google.com.sg
142, chaturbate.com
143, google.co.kr
144, openload.co
145, thestartmagazine.com
146, roblox.com
147, avito.ru
148, steamcommunity.com
149, buzzfeed.com
150, google.be
151, cnet.com
152, xinhuanet.com
153, mediafire.com
154, mozilla.org
155, google.com.ph
156, google.se
157, google.gr
158, ladbible.com
159, blastingnews.com
160, globo.com
161, google.cn
162, dailymail.co.uk
163, aparat.com
164, indeed.com
165, iwanttodeliver.com
166, spotify.com
167, force.com
168, flipkart.com
169, washingtonpost.com
170, providr.com
171, codeonclick.com
172, deviantart.com
173, pinimg.com
174, sogou.com
175, google.az
176, alibaba.com
177, walmart.com
178, yelp.com
179, google.com.ng
180, redd.it
181, nih.gov
182, softonic.com
183, google.at
184, slideshare.net
185, babytree.com
186, popcash.net
187, godaddy.com
188, uol.com.br
189, daikynguyenvn.com
190, etsy.com
191, twimg.com
192, wikihow.com
193, github.io
194, google.co.ao
195, w3schools.com
196, cpm20.com
197, 1688.com
198, china.com.cn
199, discordapp.com
200, bet365.com
201, doubleclick.net
202, hclips.com
203, redtube.com
204, tokopedia.com
205, 4chan.org
206, slack.com
207, douyu.com
208, google.ch
209, bankofamerica.com
210, google.cl
211, steampowered.com
212, amazon.fr
213, upornia.com
214, utorrent.com
215, mercadolivre.com.br
216, gamepedia.com
217, abs-cbn.com
218, youm7.com
219, google.com.vn
220, google.cz
221, google.no
222, bp.blogspot.com
223, amazon.it
224, metropcs.mobi
225, gfycat.com
226, wellsfargo.com
227, 9gag.com
228, messenger.com
229, redonetype.com
230, ikea.com
231, mama.cn
232, trello.com
233, people.com.cn
234, zillow.com
235, google.ae
236, fmovies.is
237, rambler.ru
238, indiatimes.com
239, google.com.co
240, blogspot.co.id
241, myway.com
242, tripadvisor.com
243, google.pt
244, 39.net
245, youporn.com
246, forbes.com
247, kakaku.com
248, battle.net
249, cnblogs.com
250, ameblo.jp
251, outbrain.com
252, mega.nz
253, kinogo.club
254, huffingtonpost.com
255, bilibili.com
256, huanqiu.com
257, google.ie
258, speedtest.net
259, clicksgear.com
260, livejournal.com
261, yts.ag
262, rarbg.to
263, google.ro
264, sharepoint.com
265, bitmedianetwork.com
266, foxnews.com
267, aol.com
268, leboncoin.fr
269, gostream.is
270, spotscenered.info
271, businessinsider.com
272, bitauto.com
273, google.dk
274, ltn.com.tw
275, google.fi
276, mobilemonetize.me
277, liputan6.com
278, archive.org
279, bestbuy.com
280, caijing.com.cn
281, 2ch.net
282, weather.com
283, spankbang.com
284, google.com.pe
285, google.dz
286, amazon.cn
287, aliyun.com
288, airbnb.com
289, wetransfer.com
290, allegro.pl
291, hdzog.com
292, ebay-kleinanzeigen.de
293, amazon.es
294, adexchangeprediction.com
295, scribd.com
296, daum.net
297, onlinevideoconverter.com
298, torrentz2.eu
299, shutterstock.com
300, livedoor.com
301, breitbart.com
302, eastday.com
303, freepik.com
304, google.co.il
305, feedly.com
306, files.wordpress.com
307, kompas.com
308, xfinity.com
309, sberbank.ru
310, genius.com
311, kinopoisk.ru
312, rolloid.net
313, elfagr.org
314, subject.tmall.com
315, wikimedia.org
316, videodownloadconverter.com
317, giphy.com
318, reimageplus.com
319, rutracker.org
320, iqoption.com
321, performanceadexchange.com
322, bukalapak.com
323, skype.com
324, hotstar.com
325, medium.com
326, zippyshare.com
327, telegram.org
328, flickr.com
329, setn.com
330, zendesk.com
331, irctc.co.in
332, digikala.com
333, bet9ja.com
334, office365.com
335, gearbest.com
336, researchgate.net
337, wordreference.com
338, mailchimp.com
339, thesaurus.com
340, youtube-mp3.org
341, varzesh3.com
342, 1337x.to
343, incometaxindiaefiling.gov.in
344, gmx.net
345, ign.com
346, sabah.com.tr
347, orange.fr
348, sourceforge.net
349, google.sk
350, livedoor.jp
351, kissanime.ru
352, amazon.ca
353, web.de
354, google.kz
355, pipeschannels.com
356, blogspot.com.br
357, hulu.com
358, ouo.io
359, naver.jp
360, iqiyi.com
361, thewhizmarketing.com
362, asdfg.pro
363, oracle.com
364, gamefaqs.com
365, google.hu
366, blog.jp
367, usps.com
368, ci123.com
369, olx.ua
370, hola.com
371, kaskus.co.id
372, telegraph.co.uk
373, ndtv.com
374, atlassian.net
375, wordpress.org
376, goodreads.com
377, independent.co.uk
378, homedepot.com
379, subscene.com
380, hp.com
381, icloud.com
382, asos.com
383, hatenablog.com
384, rednet.cn
385, streamable.com
386, weebly.com
387, capitalone.com
388, accuweather.com
389, target.com
390, rt.com
391, duckduckgo.com
392, sciencedirect.com
393, samsung.com
394, gismeteo.ru
395, americanexpress.com
396, youdao.com
397, beeg.com
398, rottentomatoes.com
399, wittyfeed.com
400, tfetimes.com
401, canva.com
402, onet.pl
403, ups.com
404, goo.ne.jp
405, media.tumblr.com
406, google.com.kw
407, shopify.com
408, leagueoflegends.com
409, userapi.com
410, elpais.com
411, uidai.gov.in
412, doublepimp.com
413, marca.com
414, taboola.com
415, coinmarketcap.com
416, udemy.com
417, merdeka.com
418, hatena.ne.jp
419, taleo.net
420, boredpanda.com
421, evernote.com
422, intuit.com
423, repubblica.it
424, mercadolibre.com.ar
425, bloomberg.com
426, hdfcbank.com
427, gizmodo.com
428, naij.com
429, friv.com
430, manoramaonline.com
431, gyazo.com
432, fedex.com
433, reverso.net
434, fiverr.com
435, go.com
436, wp.pl
437, box.com
438, glassdoor.com
439, camdolls.com
440, dell.com
441, cloudfront.net
442, line.me
443, momoshop.com.tw
444, spiegel.de
445, chinadaily.com.cn
446, patch.com
447, google.co.nz
448, haber7.com
449, shink.in
450, vporn.com
451, behance.net
452, huaban.com
453, jrj.com.cn
454, hotmovs.com
455, onedio.com
456, nownews.com
457, redirectvoluum.com
458, ntd.tv
459, dmm.co.jp
460, mlb.com
461, slickdeals.net
462, eskimi.com
463, themeforest.net
464, jabong.com
465, rediff.com
466, seasonvar.ru
467, ytimg.com
468, patreon.com
469, mi.com
470, speakol.com
471, free.fr
472, ensonhaber.com
473, gamer.com.tw
474, upwork.com
475, getadblock.com
476, urbandictionary.com
477, zoho.com
478, instructure.com
479, t-online.de
480, cpm10.com
481, doublepimpssl.com
482, wix.com
483, pandora.com
484, theverge.com
485, flirt4free.com
486, citi.com
487, groupon.com
488, ebay.it
489, yandex.ua
490, onclickmax.com
491, google.lk
492, yadi.sk
493, reuters.com
494, kapanlagi.com
495, 163.com
496, seznam.cz
497, goal.com
498, sportbible.com
499, billdesk.com
500, baike.com
501, qiita.com
502, comcast.net
503, wattpad.com
504, biobiochile.cl
505, kickstarter.com
506, pixabay.com
507, humblebundle.com
508, playstation.com
509, siteadvisor.com
510, ultimate-guitar.com
511, myanimelist.net
512, yesky.com
513, sahibinden.com
514, ebay.com.au
515, usatoday.com
516, chatwork.com
517, google.by
518, piz7ohhujogi.com
519, ptt.cc
520, conservativetribune.com
521, okdiario.com
522, alicdn.com
523, icicibank.com
524, wsj.com
525, webmd.com
526, okta.com
527, umblr.com
528, nur.kz
529, pikabu.ru
530, 17ok.com
531, java.com
532, dingit.tv
533, tutorialspoint.com
534, espncricinfo.com
535, wish.com
536, mercadolibre.com.mx
537, taringa.net
538, shaparak.ir
539, suning.com
540, olx.pl
541, xda-developers.com
542, banggood.com
543, ck101.com
544, naukri.com
545, tube8.com
546, nike.com
547, 4dsply.com
548, filehippo.com
549, google.com.do
550, jianshu.com
551, as.com
552, thevideo.me
553, tvbs.com.tw
554, list-manage.com
555, hubspot.com
556, albawabhnews.com
557, perfecttoolmedia.com
558, ebc.net.tw
559, lapatilla.com
560, kooora.com
561, chip.de
562, c-4fambt.com
563, sabq.org
564, lazada.co.id
565, bleacherreport.com
566, theepochtimes.com
567, drom.ru
568, nametests.com
569, u1trkqf.com
570, libero.it
571, weblio.jp
572, dictionary.com
573, ouedkniss.com
574, scribol.com
575, cricbuzz.com
576, bild.de
577, souq.com
578, asana.com
579, wiktionary.org
580, att.com
581, pulseonclick.com
582, ria.ru
583, tabelog.com
584, sex.com
585, ibm.com
586, gsmarena.com
587, inquirer.net
588, mmofreegames.online
589, cnbc.com
590, fromdoctopdf.com
591, wixsite.com
592, newegg.com
593, cnzz.com
594, uploaded.net
595, givemesport.com
596, youboy.com
597, expedia.com
598, elmundo.es
599, emol.com
600, apple-panda.com
601, google.com.ly
602, webex.com
603, kijiji.ca
604, adp.com
605, asus.com
606, blackboard.com
607, nulltheme.net
608, npr.org
609, rarbg.is
610, 51sole.com
611, wiley.com
612, exoclick.com
613, squarespace.com
614, azlyrics.com
615, mathrubhumi.com
616, pirateproxy.cc
617, hurriyet.com.tr
618, addthis.com
619, blpmovies.com
620, cambridge.org
621, techcrunch.com
622, hotels.com
623, mywatchseries.to
624, paytm.com
625, nordstrom.com
626, bandcamp.com
627, 4shared.com
628, discogs.com
629, easypdfcombine.com
630, chinaz.com
631, 104.com.tw
632, mit.edu
633, wowhead.com
634, epochtimes.com
635, tistory.com
636, badoo.com
637, mercadolibre.com.ve
638, fwbntw.com
639, thehill.com
640, channel1vids.com
641, thekitchn.com
642, rumble.com
643, xe.com
644, engadget.com
645, getpocket.com
646, drive2.ru
647, life.tw
648, springer.com
649, thefreedictionary.com
650, reallifecam.com
651, drtuber.com
652, el-nacional.com
653, op.gg
654, blogspot.com.es
655, verizonwireless.com
656, hilltopads.net
657, fanpage.gr
658, putrr18.com
659, lifehacker.com
660, youjizz.com
661, hm.com
662, thewhizproducts.com
663, surveymonkey.com
664, coursera.org
665, hespress.com
666, maka.im
667, linkshrink.net
668, google.bg
669, appledaily.com.tw
670, namnak.com
671, coinbase.com
672, mediawhirl.net
673, convert2mp3.net
674, jeuxvideo.com
675, timeanddate.com
676, okcupid.com
677, wunderground.com
678, porn.com
679, uptobox.com
680, japanpost.jp
681, sarahah.com
682, corriere.it
683, traffic-media.co
684, voc.com.cn
685, bitbucket.org
686, testony.com
687, nextlnk1.com
688, lemonde.fr
689, douban.com
690, ca.gov
691, stockstar.com
692, express.co.uk
693, meetup.com
694, olx.com.br
695, banvenez.com
696, bittrex.com
697, grid.id
698, lenovo.com
699, prothom-alo.com
700, discuss.com.hk
701, udn.com
702, nypost.com
703, torrent9.cc
704, discover.com
705, indoxxi.net
706, rapidgator.net
707, infusionsoft.com
708, sporx.com
709, drudgereport.com
710, kinokrad.co
711, google.com.ec
712, goo.gl
713, lenta.ru
714, pussl10.com
715, fidelity.com
716, cdiscount.com
717, superuser.com
718, blogspot.mx
719, brilio.net
720, southwest.com
721, blogfa.com
722, pages.tmall.com
723, segmentfault.com
724, investopedia.com
725, mobileofferplace.site
726, ccm.net
727, hbogo.com
728, disqus.com
729, bomb01.com
730, perfectgirls.net
731, fatosdesconhecidos.com.br
732, divar.ir
733, realtor.com
734, myfreecams.com
735, investing.com
736, gotporn.com
737, oschina.net
738, gogoanime.io
739, dafont.com
740, animeflv.net
741, codepen.io
742, gmarket.co.kr
743, telewebion.com
744, lefigaro.fr
745, milliyet.com.tr
746, motherless.com
747, ask.fm
748, moneycontrol.com
749, mirror.co.uk
750, wp.com
751, volcanolounge.net
752, poloniex.com
753, trackingclick.net
754, y8.com
755, beytoote.com
756, viva.co.id
757, zone-telechargement.ws
758, secureserver.net
759, elbalad.news
760, cisco.com
761, blackdoctor.org
762, google.iq
763, academia.edu
764, ebay.fr
765, chaoshi.tmall.com
766, autodesk.com
767, gmanetwork.com
768, crunchyroll.com
769, zoom.us
770, bhphotovideo.com
771, neobux.com
772, kayak.com
773, time.com
774, uzone.id
775, buyma.com
776, pantip.com
777, nasa.gov
778, interia.pl
779, google.hr
780, nikkei.com
781, bodybuilding.com
782, caliente.mx
783, eventbrite.com
784, thesun.co.uk
785, politico.com
786, vidzi.tv
787, fanfiction.net
788, yaplakal.com
789, gamespot.com
790, pchome.com.tw
791, subito.it
792, thebalance.com
793, mobile01.com
794, rvcj.com
795, superaix.com
796, allocine.fr
797, theatlantic.com
798, eksisozluk.com
799, trulia.com
800, bitly.com
801, 4pda.ru
802, lowes.com
803, jimdo.com
804, howtogeek.com
805, www.gov.uk
806, google.com.gt
807, unity3d.com
808, kotaku.com
809, cqnews.net
810, liveadexchanger.com
811, asahi.com
812, streamcloud.eu
813, google.com.mm
814, gongchang.com
815, urdupoint.com
816, sugklonistiko.gr
817, sakura.ne.jp
818, 58.com
819, mellowads.com
820, voirfilms.info
821, norton.com
822, wtoip.com
823, kizlarsoruyor.com
824, xtube.com
825, tomshardware.com
826, ecosia.org
827, commentcamarche.net
828, intoday.in
829, ticketmaster.com
830, avg.com
831, android.com
832, jw.org
833, grammarly.com
834, mejortorrent.com
835, macys.com
836, intel.com
837, rbc.ru
838, jqw.com
839, google.tm
840, hamariweb.com
841, lifewire.com
842, gazetaexpress.com
843, premierleague.com
844, gamingwonderland.com
845, hawaaworld.com
846, php.net
847, tmz.com
848, olx.in
849, python.org
850, duolingo.com
851, google.rs
852, solarmoviez.to
853, cam4.com
854, namu.wiki
855, videoyoum7.com
856, ieee.org
857, hootsuite.com
858, voyeurhit.com
859, liftable.com
860, khanacademy.org
861, techradar.com
862, ctitv.com.tw
863, askubuntu.com
864, latimes.com
865, mashable.com
866, pof.com
867, eyny.com
868, ebay.in
869, torrentproject.se
870, prezi.com
871, delta.com
872, nfl.com
873, bankmellat.ir
874, cpmofferconvert.com
875, quizlet.com
876, mobile.de
877, lazada.com.my
878, blibli.com
879, gazeta.pl
880, g2a.com
881, google.com.af
882, usnews.com
883, comicbook.com
884, skysports.com
885, protect-your-privacy.net
886, stanford.edu
887, qingdaonews.com
888, gazzetta.it
889, instructables.com
890, launchpage.org
891, sarkariresult.com
892, redfin.com
893, dianping.com
894, ruten.com.tw
895, zapmeta.ws
896, google.tn
897, visualstudio.com
898, labanquepostale.fr
899, costco.com
900, doorblog.jp
901, donga.com
902, deviantart.net
903, w3school.com.cn
904, primewire.ag
905, allrecipes.com
906, google.com.my
907, uber.com
908, merriam-webster.com
909, wap4game.com
910, disq.us
911, wykop.pl
912, teamliquid.net
913, nocookie.net
914, sinoptik.ua
915, dmv.org
916, usaa.com
917, guancha.cn
918, bhaskar.com
919, internetspeedtracker.com
920, google.lt
921, snapdeal.com
922, igetsend.ru
923, lk21.net
924, ukr.net
925, andhrajyothy.com
926, food.tmall.com
927, kissasian.com
928, adme.ru
929, cdninstagram.com
930, secure-surf.net
931, clipconverter.cc
932, randomfaster.club
933, lequipe.fr
934, tebyan.net
935, sputniknews.com
936, movie2free.com
937, td.com
938, kinoprofi.org
939, myfitnesspal.com
940, freejobalert.com
941, lifebuzz.com
942, pastebin.com
943, zhanqi.tv
944, prnt.sc
945, googlevideo.com
946, focus.de
947, livescore.com
948, yespornplease.com
949, avast.com
950, brightside.me
951, nhk.or.jp
952, airtel.in
953, vnexpress.net
954, terraclicks.com
955, dawn.com
956, teepr.com
957, indianexpress.com
958, strava.com
959, bintang.com
960, cdstm.cn
961, europa.eu
962, cbsnews.com
963, dream.co.id
964, mangafox.me
965, 11st.co.kr
966, miui.com
967, nbcnews.com
968, popmyads.com
969, idnes.cz
970, primevideo.com
971, alodokter.com
972, wayfair.com
973, caixa.gov.br
974, sapo.pt
975, westernjournalism.com
976, chron.com
977, issuu.com
978, welt.de
979, dict.cc
980, yjc.ir
981, nature.com
982, ipetgroup.com
983, dashbo15myapp.com
984, wired.com
985, tamilrockers.at
986, jiameng.com
987, vox.com
988, joq.al
989, agoda.com
990, ancestry.com
991, socialblade.com
992, junbi-tracker.com
993, rightmove.co.uk
994, ero-advertising.com
995, dailypakistan.com.pk
996, zing.vn
997, apache.org
998, cbc.ca
999, dcard.tw
1000, turbobit.net
