1,Unaccessible ( google.com)
2,Unaccessible ( youtube.com)
3,Unaccessible ( facebook.com)
4,Unaccessible ( baidu.com)
5,Unaccessible ( wikipedia.org)
6,Unaccessible ( yahoo.com)
7,Unaccessible ( qq.com)
8,Unaccessible ( amazon.com)
9,Unaccessible ( taobao.com)
10,Unaccessible ( twitter.com)
11,Unaccessible ( tmall.com)
12,Unaccessible ( instagram.com)
13,Unaccessible ( google.co.in)
14,Unaccessible ( live.com)
15,Unaccessible ( sohu.com)
16,Unaccessible ( jd.com)
17,Unaccessible ( reddit.com)
18,Unaccessible ( sina.com.cn)
19,Unaccessible ( weibo.com)
20,Unaccessible ( google.co.jp)
21,Unaccessible ( 360.cn)
22,Unaccessible ( blogspot.com)
23,Unaccessible ( login.tmall.com)
24,Unaccessible ( linkedin.com)
25,Unaccessible ( yandex.ru)
26,Unaccessible ( vk.com)
27,Unaccessible ( netflix.com)
28,Unaccessible ( google.co.uk)
29,Unaccessible ( google.ru)
30,Unaccessible ( pornhub.com)
31,Unaccessible ( google.com.br)
32,Unaccessible ( google.com.hk)
33,Unaccessible ( twitch.tv)
34,Unaccessible ( yahoo.co.jp)
35,Unaccessible ( csdn.net)
36,Unaccessible ( t.co)
37,Unaccessible ( ebay.com)
38,Unaccessible ( google.fr)
39,Unaccessible ( alipay.com)
40,Unaccessible ( google.de)
41,Unaccessible ( microsoft.com)
42,Unaccessible ( pages.tmall.com)
43,Unaccessible ( office.com)
44,Unaccessible ( msn.com)
45,Unaccessible ( xvideos.com)
46,Unaccessible ( livejasmin.com)
47,Unaccessible ( mail.ru)
48,Unaccessible ( bing.com)
49,Unaccessible ( aliexpress.com)
50,Unaccessible ( wikia.com)
51,Unaccessible ( microsoftonline.com)
52,Unaccessible ( imgur.com)
53,Unaccessible ( naver.com)
54,Unaccessible ( github.com)
55,Unaccessible ( stackoverflow.com)
56,Unaccessible ( imdb.com)
57,Unaccessible ( whatsapp.com)
58,Unaccessible ( google.ca)
59,Unaccessible ( tumblr.com)
60,Unaccessible ( bongacams.com)
61,Unaccessible ( google.it)
62,Unaccessible ( google.com.tw)
63,Unaccessible ( xhamster.com)
64,Unaccessible ( amazon.co.jp)
65,Unaccessible ( paypal.com)
66,Unaccessible ( google.com.mx)
67,Unaccessible ( wordpress.com)
68,Unaccessible ( google.es)
69,Unaccessible ( google.com.tr)
70,Unaccessible ( apple.com)
71,Unaccessible ( google.co.kr)
72,Unaccessible ( thestartmagazine.com)
73,Unaccessible ( pinterest.com)
74,Unaccessible ( tribunnews.com)
75,Unaccessible ( googleusercontent.com)
76,Unaccessible ( bilibili.com)
77,Unaccessible ( xnxx.com)
78,Unaccessible ( hao123.com)
79,Unaccessible ( booking.com)
80,Unaccessible ( fbcdn.net)
81,Unaccessible ( adobe.com)
82,Unaccessible ( cobalten.com)
83,Unaccessible ( google.com.au)
84,Unaccessible ( txxx.com)
85,Unaccessible ( bbc.com)
86,Unaccessible ( quora.com)
87,Unaccessible ( amazon.co.uk)
88,Unaccessible ( popads.net)
89,Unaccessible ( bbc.co.uk)
90,Unaccessible ( coccoc.com)
91,Unaccessible ( detail.tmall.com)
92,Unaccessible ( soso.com)
93,Unaccessible ( amazon.de)
94,Unaccessible ( amazon.in)
95,Unaccessible ( gmw.cn)
96,Unaccessible ( cnn.com)
97,Unaccessible ( xinhuanet.com)
98,Unaccessible ( google.co.id)
99,Unaccessible ( dropbox.com)
100,Unaccessible ( pixnet.net)
101,Unaccessible ( craigslist.org)
102,Unaccessible ( salesforce.com)
103,Unaccessible ( zhihu.com)
104,Unaccessible ( google.pl)
105,Unaccessible ( google.co.th)
106,Unaccessible ( chaturbate.com)
107,Unaccessible ( tianya.cn)
108,Unaccessible ( theguardian.com)
109,Unaccessible ( onlinesbi.com)
110,Unaccessible ( google.com.ua)
111,Unaccessible ( so.com)
112,Unaccessible ( detik.com)
113,Unaccessible ( google.com.ar)
114,Unaccessible ( force.com)
115,Unaccessible ( soundcloud.com)
116,Unaccessible ( dailymail.co.uk)
117,Unaccessible ( google.com.sa)
118,Unaccessible ( nytimes.com)
119,Unaccessible ( tokopedia.com)
120,Unaccessible ( google.com.pk)
121,Unaccessible ( amazonaws.com)
122,Unaccessible ( chase.com)
123,Unaccessible ( 1688.com)
124,Unaccessible ( google.com.eg)
125,Unaccessible ( aparat.com)
126,Unaccessible ( ettoday.net)
127,Unaccessible ( dailymotion.com)
128,Unaccessible ( ask.com)
129,Unaccessible ( stackexchange.com)
130,Unaccessible ( roblox.com)
131,Unaccessible ( mozilla.org)
132,Unaccessible ( indeed.com)
133,Unaccessible ( iqiyi.com)
134,Unaccessible ( ebay.de)
135,Unaccessible ( vimeo.com)
136,Unaccessible ( rakuten.co.jp)
137,Unaccessible ( nicovideo.jp)
138,Unaccessible ( avito.ru)
139,Unaccessible ( spotify.com)
140,Unaccessible ( nih.gov)
141,Unaccessible ( bukalapak.com)
142,Unaccessible ( thepiratebay.org)
143,Unaccessible ( daum.net)
144,Unaccessible ( google.co.za)
145,Unaccessible ( espn.com)
146,Unaccessible ( openload.co)
147,Unaccessible ( discordapp.com)
148,Unaccessible ( mediafire.com)
149,Unaccessible ( google.com.vn)
150,Unaccessible ( cnblogs.com)
151,Unaccessible ( dkn.tv)
152,Unaccessible ( cnet.com)
153,Unaccessible ( ebay.co.uk)
154,Unaccessible ( google.az)
155,Unaccessible ( google.co.ao)
156,Unaccessible ( panda.tv)
157,Unaccessible ( ok.ru)
158,Unaccessible ( globo.com)
159,Unaccessible ( w3schools.com)
160,Unaccessible ( yelp.com)
161,Unaccessible ( softonic.com)
162,Unaccessible ( uol.com.br)
163,Unaccessible ( alibaba.com)
164,Unaccessible ( fc2.com)
165,Unaccessible ( porn555.com)
166,Unaccessible ( liputan6.com)
167,Unaccessible ( google.co.ve)
168,Unaccessible ( deviantart.com)
169,Unaccessible ( etsy.com)
170,Unaccessible ( godaddy.com)
171,Unaccessible ( zhanqi.tv)
172,Unaccessible ( flipkart.com)
173,Unaccessible ( walmart.com)
174,Unaccessible ( clearload.bid)
175,Unaccessible ( mercadolivre.com.br)
176,Unaccessible ( jf71qh5v14.com)
177,Unaccessible ( google.cn)
178,Unaccessible ( wikihow.com)
179,Unaccessible ( slideshare.net)
180,Unaccessible ( google.com.sg)
181,Unaccessible ( google.gr)
182,Unaccessible ( zillow.com)
183,Unaccessible ( vice.com)
184,Unaccessible ( google.nl)
185,Unaccessible ( amazon.it)
186,Unaccessible ( ebc.net.tw)
187,Unaccessible ( medium.com)
188,Unaccessible ( google.com.ph)
189,Unaccessible ( tripadvisor.com)
190,Unaccessible ( buzzfeed.com)
191,Unaccessible ( setn.com)
192,Unaccessible ( bankofamerica.com)
193,Unaccessible ( google.com.co)
194,Unaccessible ( amazon.fr)
195,Unaccessible ( douban.com)
196,Unaccessible ( nownews.com)
197,Unaccessible ( hulu.com)
198,Unaccessible ( sogou.com)
199,Unaccessible ( foxnews.com)
200,Unaccessible ( 163.com)
201,Unaccessible ( wetransfer.com)
202,Unaccessible ( indiatimes.com)
203,Unaccessible ( onlinevideoconverter.com)
204,Unaccessible ( youm7.com)
205,Unaccessible ( google.com.pe)
206,Unaccessible ( upornia.com)
207,Unaccessible ( neveryone.club)
208,Unaccessible ( huanqiu.com)
209,Unaccessible ( sciencedirect.com)
210,Unaccessible ( spankbang.com)
211,Unaccessible ( mega.nz)
212,Unaccessible ( exerciers.mobi)
213,Unaccessible ( wellsfargo.com)
214,Unaccessible ( redtube.com)
215,Unaccessible ( kompas.com)
216,Unaccessible ( mama.cn)
217,Unaccessible ( china.com.cn)
218,Unaccessible ( twimg.com)
219,Unaccessible ( eastday.com)
220,Unaccessible ( caijing.com.cn)
221,Unaccessible ( rambler.ru)
222,Unaccessible ( forbes.com)
223,Unaccessible ( babytree.com)
224,Unaccessible ( mi.com)
225,Unaccessible ( crptentry.com)
226,Unaccessible ( aliyun.com)
227,Unaccessible ( youporn.com)
228,Unaccessible ( yts.am)
229,Unaccessible ( ikea.com)
230,Unaccessible ( blogger.com)
231,Unaccessible ( slack.com)
232,Unaccessible ( shutterstock.com)
233,Unaccessible ( metropcs.mobi)
234,Unaccessible ( amazon.es)
235,Unaccessible ( washingtonpost.com)
236,Unaccessible ( google.be)
237,Unaccessible ( doubleclick.net)
238,Unaccessible ( scribd.com)
239,Unaccessible ( abs-cbn.com)
240,Unaccessible ( nextoptim.com)
241,Unaccessible ( savefrom.net)
242,Unaccessible ( livejournal.com)
243,Unaccessible ( youdao.com)
244,Unaccessible ( steamcommunity.com)
245,Unaccessible ( researchgate.net)
246,Unaccessible ( gamespot.com)
247,Unaccessible ( google.pt)
248,Unaccessible ( trello.com)
249,Unaccessible ( weather.com)
250,Unaccessible ( google.se)
251,Unaccessible ( myshopify.com)
252,Unaccessible ( google.com.ng)
253,Unaccessible ( speedtest.net)
254,Unaccessible ( sberbank.ru)
255,Unaccessible ( google.cl)
256,Unaccessible ( diply.com)
257,Unaccessible ( ebay-kleinanzeigen.de)
258,Unaccessible ( freepik.com)
259,Unaccessible ( canva.com)
260,Unaccessible ( google.ro)
